"test.files","wt.peak.adj","mut.peak.adj","AF","posi","wt.ref","mut.ref","note"
"7149-1-waaQ_R_A04_08-15-18.ab1",0.561481559412627,0.501458116930957,0.471765357989013,281,"","",""
"7149-10-waaQ_R_B05_08-15-18.ab1",0.631242847058568,0.414062203035725,0.396116141406161,282,"","",""
"7149-11-waaQ_R_C05_08-15-18.ab1",0.519794348243206,0.527856307924318,0.503847637394036,284,"","",""
"7149-12-waaQ_R_D05_08-15-18.ab1",0.545204155363863,0.442251896367727,0.447869953900429,281,"","",""
"7149-13-waaQ_R_E05_08-15-18.ab1",0.0222280896484789,0.936412954172956,0.976812916793265,281,"","",""
"7149-14-waaQ_R_F05_08-15-18.ab1",0.084256213006229,0.908535145971442,0.915132004076877,282,"","",""
"7149-15-waaQ_R_G05_08-15-18.ab1",0.0877092854275496,0.94368359681733,0.914960354160438,282,"","",""
"7149-16-waaQ_R_H05_08-15-18.ab1",0.0796349345235467,0.944922064856583,0.922273788015965,284,"","",""
"7149-17-waaQ_R_A06_08-15-18.ab1",0.0871073206541339,0.910294073550893,0.91266573201097,280,"","",""
"7149-18-waaQ_R_B06_08-15-18.ab1",0.0700544817775656,0.948588608196932,0.931227647380085,283,"","",""
"7149-19-waaQ_R_C06_08-15-18.ab1",0,1,1,285,"min","max",""
"7149-2-waaQ_R_B04_08-15-18.ab1",0.586032719518726,0.490132708175428,0.455443647939528,283,"","",""
"7149-20-waaQ_R_D06_08-15-18.ab1",1,0,0,282,"max","min",""
"7149-3-waaQ_R_C04_08-15-18.ab1",0.459866430409568,0.352326141125542,0.433796310719287,284,"","",""
"7149-4-waaQ_R_D04_08-15-18.ab1",0.501131924624712,0.460169075173045,0.478694056564861,284,"","",""
"7149-5-waaQ_R_E04_08-15-18.ab1",0.540205155300471,0.449164555250796,0.453990606808172,283,"","",""
"7149-6-waaQ_R_F04_08-15-18.ab1",0.525247351822911,0.485329929968087,0.480250188395251,282,"","",""
"7149-7-waaQ_R_G04_08-15-18.ab1",0.60632042708298,0.405651898895112,0.400852758995204,282,"","",""
"7149-8-waaQ_R_H04_08-15-18.ab1",0.560580209435801,0.472485551900811,0.457362512227194,286,"","",""
"7149-9-waaQ_R_A05_08-15-18.ab1",0.555035327810343,0.490623721507875,0.469200473928636,282,"","",""
